date,ticker,open,high,low,close,volume
2025-04-16,AAPL,198.3600,200.7000,192.3700,194.2700,59732423
2025-04-15,AAPL,201.8550,203.5100,199.8000,202.1400,51343872
2025-04-14,AAPL,211.4400,212.9400,201.1621,202.5200,101352911
2025-04-11,AAPL,186.1000,199.5400,186.0600,198.1500,87435915
2025-04-10,AAPL,189.0650,194.7799,183.0000,190.4200,121879981
2025-04-09,AAPL,171.9500,200.6100,171.8900,198.8500,184395885
2025-04-08,AAPL,186.7000,190.3350,169.2101,172.4200,120859491
2025-04-07,AAPL,177.2000,194.1500,174.6200,181.4600,160466286
2025-04-04,AAPL,193.8900,199.8800,187.3400,188.3800,125910913
2025-04-03,AAPL,205.5400,207.4900,201.2500,203.1900,103419006
2025-04-02,AAPL,221.3150,225.1900,221.0200,223.8900,35905904
2025-04-01,AAPL,219.8050,223.6800,218.9000,223.1900,36412740
2025-03-31,AAPL,217.0050,225.6200,216.2300,222.1300,65299321
2025-03-28,AAPL,221.6700,223.8100,217.6800,217.9000,39818617
2025-03-27,AAPL,221.3900,224.9900,220.5601,223.8500,37094774
2025-03-26,AAPL,223.5100,225.0200,220.4700,221.5300,34532656
2025-03-25,AAPL,220.7700,224.1000,220.0800,223.7500,34493583
2025-03-24,AAPL,221.0000,221.4800,218.5800,220.7300,44299483
2025-03-21,AAPL,211.5600,218.8400,211.2800,218.2700,94127768
2025-03-20,AAPL,213.9900,217.4899,212.2200,214.1000,48862947
2025-03-19,AAPL,214.2200,218.7600,213.7500,215.2400,54385391
2025-03-18,AAPL,214.1600,215.1500,211.4900,212.6900,42432426
2025-03-17,AAPL,213.3100,215.2200,209.9700,214.0000,48073426
2025-03-14,AAPL,211.2500,213.9500,209.5800,213.4900,60107582
2025-03-13,AAPL,215.9500,216.8394,208.4200,209.6800,61368330
2025-03-12,AAPL,220.1400,221.7500,214.9100,216.9800,62547467
2025-03-11,AAPL,223.8050,225.8399,217.4500,220.8400,76137410
2025-03-10,AAPL,235.5400,236.1600,224.2200,227.4800,71451281
2025-03-07,AAPL,235.1050,241.3700,234.7600,239.0700,46273565
2025-03-06,AAPL,234.4350,237.8600,233.1581,235.3300,45170419
2025-03-05,AAPL,235.4200,236.5500,229.2300,235.7400,47227643
2025-03-04,AAPL,237.7050,240.0700,234.6800,235.9300,53798062
2025-03-03,AAPL,241.7900,244.0272,236.1120,238.0300,47183985
2025-02-28,AAPL,236.9500,242.0900,230.2000,241.8400,56833360
2025-02-27,AAPL,239.4100,242.4600,237.0600,237.3000,41153639
2025-02-26,AAPL,244.3300,244.9800,239.1300,240.3600,44433564
2025-02-25,AAPL,248.0000,250.0000,244.9100,247.0400,48013272
2025-02-24,AAPL,244.9250,248.8600,244.4200,247.1000,51326396
2025-02-21,AAPL,245.9500,248.6900,245.2200,245.5500,53197431
2025-02-20,AAPL,244.9400,246.7800,244.2900,245.8300,32316907
2025-02-19,AAPL,244.6600,246.0100,243.1604,244.8700,32204215
2025-02-18,AAPL,244.1500,245.1800,241.8400,244.4700,48822491
2025-02-14,AAPL,241.2500,245.5500,240.9900,244.6000,40896227
2025-02-13,AAPL,236.9100,242.3399,235.5700,241.5300,53614054
2025-02-12,AAPL,231.2000,236.9600,230.6800,236.8700,45243292
2025-02-11,AAPL,228.2000,235.2300,228.1300,232.6200,53718362
2025-02-10,AAPL,229.5700,230.5850,227.2000,227.6500,33115645
2025-02-07,AAPL,232.6000,234.0000,227.2600,227.6300,39707224
2025-02-06,AAPL,231.2850,233.8000,230.4250,233.2200,29925349
2025-02-05,AAPL,228.5300,232.6700,228.2700,232.4700,39664989
2025-02-04,AAPL,227.2500,233.1300,226.6500,232.8000,45067301
2025-02-03,AAPL,229.9900,231.8300,225.7000,228.0100,73063301
2025-01-31,AAPL,247.1900,247.1900,233.4400,236.0000,101075128
2025-01-30,AAPL,238.6650,240.7900,237.2100,237.5900,55658279
2025-01-29,AAPL,234.1200,239.8550,234.0100,239.3600,45486100
2025-01-28,AAPL,230.8500,240.1900,230.8100,238.2600,75707569
2025-01-27,AAPL,224.0200,232.1500,223.9800,229.8600,94863418
2025-01-24,AAPL,224.7800,225.6300,221.4100,222.7800,54697907
2025-01-23,AAPL,224.7400,227.0300,222.3000,223.6600,60234760
2025-01-22,AAPL,219.7900,224.1200,219.7900,223.8300,64126500
2025-01-21,AAPL,224.0000,224.4200,219.3800,222.6400,98070429
2025-01-17,AAPL,232.1150,232.2900,228.4800,229.9800,68488301
2025-01-16,AAPL,237.3500,238.0100,228.0300,228.2600,71759052
2025-01-15,AAPL,234.6350,238.9600,234.4300,237.8700,39831969
2025-01-14,AAPL,234.7500,236.1200,232.4720,233.2800,39435294
2025-01-13,AAPL,233.5300,234.6700,229.7200,234.4000,49630725
2025-01-10,AAPL,240.0100,240.1600,233.0000,236.8500,61710856
2025-01-08,AAPL,241.9200,243.7123,240.0500,242.7000,37628940
2025-01-07,AAPL,242.9800,245.5500,241.3500,242.2100,40855960
2025-01-06,AAPL,244.3100,247.3300,243.2000,245.0000,45045571
2025-01-03,AAPL,243.3600,244.1800,241.8900,243.3600,40244114
2025-01-02,AAPL,248.9300,249.1000,241.8201,243.8500,55740731
2024-12-31,AAPL,252.4400,253.2800,249.4300,250.4200,39480718
2024-12-30,AAPL,252.2300,253.5000,250.7500,252.2000,35557542
2024-12-27,AAPL,257.8300,258.7000,253.0600,255.5900,42355321
2024-12-26,AAPL,258.1900,260.1000,257.6300,259.0200,27262983
2024-12-24,AAPL,255.4900,258.2100,255.2900,258.2000,23234705
2024-12-23,AAPL,254.7700,255.6500,253.4500,255.2700,40858774
2024-12-20,AAPL,248.0400,255.0000,245.6900,254.4900,147495267
2024-12-19,AAPL,247.5000,252.0000,247.0949,249.7900,60882264
2024-12-18,AAPL,252.1600,254.2800,247.7400,248.0500,56774101
2024-12-17,AAPL,250.0800,253.8300,249.7800,253.4800,51356360
2024-12-16,AAPL,247.9900,251.3800,247.6500,251.0400,51694753
2024-12-13,AAPL,247.8150,249.2902,246.2400,248.1300,33155290
2024-12-12,AAPL,246.8900,248.7400,245.6800,247.9600,32777532
2024-12-11,AAPL,247.9600,250.8000,246.2601,246.4900,45205814
2024-12-10,AAPL,246.8900,248.2100,245.3400,247.7700,36914806
2024-12-09,AAPL,241.8300,247.2400,241.7500,246.7500,44649232
2024-12-06,AAPL,242.9050,244.6300,242.0800,242.8400,36870619
2024-12-05,AAPL,243.9900,244.5400,242.1300,243.0400,40033878
2024-12-04,AAPL,242.8700,244.1100,241.2500,243.0100,44383935
2024-12-03,AAPL,239.8100,242.7600,238.9000,242.6500,38861017
2024-12-02,AAPL,237.2700,240.7900,237.1600,239.5900,48137103
2024-11-29,AAPL,234.8100,237.8100,233.9700,237.3300,28481377
2024-11-27,AAPL,234.4650,235.6900,233.8101,234.9300,33498439
2024-11-26,AAPL,233.3300,235.5700,233.3300,235.0600,45986189
2024-11-25,AAPL,231.4600,233.2450,229.7400,232.8700,90152832
2024-11-22,AAPL,228.0600,230.7199,228.0600,229.8700,38168252
2024-11-21,AAPL,228.8800,230.1550,225.7103,228.5200,42108327
2024-11-20,AAPL,228.0600,229.9300,225.8900,229.0000,35169566
2025-04-16,MSFT,380.6700,381.6100,368.0000,371.6100,21967826
2025-04-15,MSFT,388.5050,391.8900,384.1599,385.7300,17199890
2025-04-14,MSFT,393.2200,394.6500,384.2100,387.8100,19251172
2025-04-11,MSFT,380.6350,390.0500,378.8900,388.4500,23839220
2025-04-10,MSFT,382.0600,383.9000,367.8000,381.3500,38024368
2025-04-09,MSFT,353.5350,393.2250,353.1000,390.4900,50199696
2025-04-08,MSFT,368.2550,373.6500,350.2500,354.5600,35868918
2025-04-07,MSFT,350.8800,370.9999,344.7900,357.8600,50424998
2025-04-04,MSFT,364.1250,374.5900,359.4800,359.8400,49209854
2025-04-03,MSFT,374.7850,377.4800,369.3500,373.1100,30197997
2025-04-02,MSFT,377.9650,385.0800,376.6200,382.1400,16092555
2025-04-01,MSFT,374.6500,382.8500,373.2300,382.1900,19689503
2025-03-31,MSFT,372.5350,377.0700,367.2400,375.3900,35184676
2025-03-28,MSFT,388.0800,389.1300,376.9300,378.8000,21632016
2025-03-27,MSFT,390.1300,392.2400,387.3950,390.5800,13766761
2025-03-26,MSFT,395.0000,395.3100,388.5700,389.9700,16132906
2025-03-25,MSFT,393.9150,396.3600,392.6400,395.1600,15774968
2025-03-24,MSFT,395.4000,395.4000,389.8100,393.0800,21004548
2025-03-21,MSFT,383.2150,391.7400,382.8000,391.2600,39675928
2025-03-20,MSFT,385.7350,391.7850,383.2800,386.8400,18470542
2025-03-19,MSFT,385.5250,389.6800,384.0000,387.8200,19185532
2025-03-18,MSFT,387.0700,387.3700,381.1000,383.5200,19486850
2025-03-17,MSFT,386.7000,392.7050,385.5700,388.7000,22474272
2025-03-14,MSFT,379.7750,390.2300,379.5100,388.5600,19952846
2025-03-13,MSFT,383.1550,385.3200,377.4500,378.7700,20473017
2025-03-12,MSFT,382.9500,385.2165,378.9507,383.2700,24253567
2025-03-11,MSFT,379.0000,386.0000,376.9100,380.4500,30380177
2025-03-10,MSFT,385.8400,386.4000,377.2200,380.1600,32569768
2025-03-07,MSFT,392.3200,394.8000,385.5400,393.3100,22034087
2025-03-06,MSFT,394.2800,402.1500,392.6777,396.8900,23304625
2025-03-05,MSFT,389.3400,401.6700,388.8100,401.0200,23433132
2025-03-04,MSFT,383.4000,392.5800,381.0000,388.6100,29342923
2025-03-03,MSFT,398.8200,398.8200,386.1550,388.4900,23007726
2025-02-28,MSFT,392.6550,397.6300,386.5700,396.9900,32845658
2025-02-27,MSFT,401.2650,405.7400,392.1700,392.5300,21127406
2025-02-26,MSFT,398.0100,403.6000,394.2450,399.7300,19618954
2025-02-25,MSFT,401.1000,401.9150,396.7000,397.9000,29387402
2025-02-24,MSFT,408.5100,409.3700,399.3200,404.0000,26443656
2025-02-21,MSFT,417.3350,418.0480,407.8900,408.2100,27524799
2025-02-20,MSFT,415.2900,419.3100,412.5400,416.1300,23508728
2025-02-19,MSFT,407.8800,415.4900,407.6500,414.7700,24114197
2025-02-18,MSFT,408.0000,410.5970,406.5000,409.6400,21423051
2025-02-14,MSFT,407.7900,408.9100,405.8800,408.4300,22758464
2025-02-13,MSFT,407.0000,411.0000,406.3600,410.5400,23891731
2025-02-12,MSFT,407.2100,410.7500,404.3673,409.0400,19121734
2025-02-11,MSFT,409.6400,412.4900,409.3000,411.4400,18140592
2025-02-10,MSFT,413.7100,415.4624,410.9200,412.2200,20817919
2025-02-07,MSFT,416.4800,418.6500,408.1000,409.7500,22886844
2025-02-06,MSFT,414.0000,418.2000,414.0000,415.8200,16309755
2025-02-05,MSFT,412.3500,413.8270,410.4000,413.2900,16336188
2025-02-04,MSFT,412.6850,413.9199,409.7400,412.3700,20532096
2025-02-03,MSFT,411.6000,415.4100,408.6600,410.9200,25679149
2025-01-31,MSFT,418.9800,420.6900,414.9100,415.0600,34223388
2025-01-30,MSFT,418.7700,422.8600,413.1600,414.9900,54586260
2025-01-29,MSFT,446.6900,446.8800,440.4000,442.3300,23581370
2025-01-28,MSFT,434.6000,448.3800,431.3800,447.2000,23491703
2025-01-27,MSFT,424.0100,435.2000,423.5000,434.5600,35647805
2025-01-24,MSFT,445.1600,446.6500,441.4000,444.0600,15549453
2025-01-23,MSFT,442.0000,446.7500,441.5048,446.7100,18389270
2025-01-22,MSFT,437.5600,447.2700,436.0000,446.2000,27803811
2025-01-21,MSFT,430.2000,430.8999,425.5950,428.5000,26085703
2025-01-17,MSFT,434.0850,434.4800,428.1700,429.0300,26197507
2025-01-16,MSFT,428.6950,429.4900,424.3900,424.5800,15300023
2025-01-15,MSFT,419.1300,428.1500,418.2650,426.3100,19637838
2025-01-14,MSFT,417.8100,419.7400,410.7200,415.6700,16935856
2025-01-13,MSFT,415.2350,418.5000,412.2900,417.1900,17604780
2025-01-10,MSFT,424.6300,424.7100,415.0200,418.9500,20201132
2025-01-08,MSFT,423.4600,426.9700,421.5400,424.5600,15054575
2025-01-07,MSFT,429.0000,430.6500,420.8000,422.3700,18139065
2025-01-06,MSFT,428.0000,434.3200,425.4774,427.8500,20573648
2025-01-03,MSFT,421.0800,424.0300,419.5400,423.3500,16662943
2025-01-02,MSFT,425.5300,426.0700,414.8500,418.5800,16896469
2024-12-31,MSFT,426.1000,426.7300,420.6600,421.5000,13246509
2024-12-30,MSFT,426.0600,427.5500,421.9000,424.8300,13158703
2024-12-27,MSFT,434.6000,435.2200,426.3500,430.5300,18117713
2024-12-26,MSFT,439.0800,440.9400,436.6300,438.1100,8199927
2024-12-24,MSFT,434.6500,439.6000,434.1900,439.3300,7164543
2024-12-23,MSFT,436.7400,437.6500,432.8300,435.2500,19152519
2024-12-20,MSFT,433.1100,443.7400,428.6300,436.6000,64263694
2024-12-19,MSFT,441.6200,443.1834,436.3200,437.0300,22963681
2024-12-18,MSFT,451.3200,452.6500,437.0200,437.3900,24444545
2024-12-17,MSFT,451.0100,455.2900,449.5700,454.4600,22733494
2024-12-16,MSFT,447.2700,452.1800,445.2800,451.5900,23598834
2024-12-13,MSFT,448.4350,451.4300,445.5800,447.2700,20177833
2024-12-12,MSFT,449.1100,456.1648,449.1100,449.5600,20834779
2024-12-11,MSFT,444.0500,450.3500,444.0500,448.9900,19200208
2024-12-10,MSFT,444.3900,449.6200,441.6000,443.3300,18469459
2024-12-09,MSFT,442.6000,448.3300,440.5000,446.0200,19144388
2024-12-06,MSFT,442.3000,446.1000,441.7703,443.5700,18821002
2024-12-05,MSFT,437.9200,444.6600,436.1710,442.6200,21697775
2024-12-04,MSFT,433.0300,439.6700,432.6300,437.4200,26009429
2024-12-03,MSFT,429.8400,432.4700,427.7400,431.2000,18301987
2024-12-02,MSFT,421.5700,433.0000,421.3100,430.9800,20207223
2024-11-29,MSFT,420.0900,424.8800,417.8000,423.4600,16271921
2024-11-27,MSFT,425.1050,427.2299,422.0200,422.9900,18332444
2024-11-26,MSFT,419.5850,429.0414,418.8500,427.9900,23458889
2024-11-25,MSFT,418.3800,421.0800,414.8500,418.7900,27691090
2024-11-22,MSFT,411.3650,417.4000,411.0600,417.0000,24814626
2024-11-21,MSFT,419.5000,419.7800,410.2887,412.8700,20780162
2024-11-20,MSFT,416.8700,417.2900,410.5800,415.4900,19191655
2025-04-16,AMZN,176.2900,179.1046,171.4100,174.3300,51875316
2025-04-15,AMZN,181.4100,182.3500,177.9331,179.5900,43641952
2025-04-14,AMZN,186.8400,187.4400,179.2300,182.1200,48002540
2025-04-11,AMZN,179.9300,185.8600,178.0000,184.8700,50594339
2025-04-10,AMZN,185.4400,186.8692,175.8518,181.2200,68302045
2025-04-09,AMZN,172.1150,192.6500,169.9300,191.1000,116804328
2025-04-08,AMZN,185.2300,185.9000,168.5700,170.6600,87710360
2025-04-07,AMZN,162.0000,183.4099,161.3800,175.2600,109327115
2025-04-04,AMZN,167.1450,178.1436,166.0000,171.0000,123159359
2025-04-03,AMZN,182.9950,184.1300,176.9200,178.4100,95553617
2025-04-02,AMZN,187.6600,198.3400,187.6600,196.0100,53679198
2025-04-01,AMZN,187.8600,193.9300,187.2000,192.1700,41267315
2025-03-31,AMZN,188.1900,191.3300,184.4000,190.2600,63547558
2025-03-28,AMZN,198.4200,199.2600,191.8810,192.7200,52548226
2025-03-27,AMZN,200.8900,203.7900,199.2821,201.3600,27317661
2025-03-26,AMZN,205.8350,206.0100,199.9250,201.1300,32990973
2025-03-25,AMZN,203.5950,206.2100,203.2200,205.7100,31171161
2025-03-24,AMZN,200.0000,203.6400,199.9500,203.2600,41625365
2025-03-21,AMZN,192.9000,196.9900,192.5200,196.2100,60056917
2025-03-20,AMZN,193.0700,199.3200,192.3000,194.9500,38921113
2025-03-19,AMZN,193.3800,195.9650,191.9600,195.5400,39442878
2025-03-18,AMZN,192.5200,194.0000,189.3800,192.8200,40414867
2025-03-17,AMZN,198.7700,199.0000,194.3247,195.7400,47341752
2025-03-14,AMZN,197.4100,198.6500,195.3200,197.9500,38096663
2025-03-13,AMZN,198.1650,198.8799,191.8200,193.8900,41270761
2025-03-12,AMZN,200.7200,201.5200,195.2900,198.8900,43679284
2025-03-11,AMZN,193.9000,200.1800,193.4000,196.5900,54002880
2025-03-10,AMZN,195.6000,196.7300,190.8500,194.5400,61829231
2025-03-07,AMZN,199.4900,202.2653,192.5300,199.2500,59802821
2025-03-06,AMZN,204.4000,205.7700,198.3015,200.7000,49863755
2025-03-05,AMZN,204.8000,209.9800,203.2600,208.3600,38610085
2025-03-04,AMZN,200.1100,206.8000,197.4320,203.8000,60853084
2025-03-03,AMZN,213.3520,214.0100,202.5500,205.0200,42948447
2025-02-28,AMZN,208.6500,212.6200,206.9900,212.2800,51771737
2025-02-27,AMZN,218.3500,219.9700,208.3700,208.7400,40548571
2025-02-26,AMZN,214.9400,218.1600,213.0900,214.3500,39120603
2025-02-25,AMZN,211.6300,213.3400,204.1600,212.8000,58957977
2025-02-24,AMZN,217.4500,217.7150,212.4200,212.7100,42387585
2025-02-21,AMZN,223.2800,223.3100,214.7400,216.5800,55323850
2025-02-20,AMZN,224.7750,225.1300,221.8100,222.8800,30001665
2025-02-19,AMZN,225.5200,226.8300,223.7100,226.6300,28566709
2025-02-18,AMZN,228.8200,229.3000,223.7200,226.6500,42975133
2025-02-14,AMZN,229.2000,229.8900,227.2300,228.6800,27031084
2025-02-13,AMZN,228.8500,230.4200,227.5200,230.3700,31346512
2025-02-12,AMZN,230.4600,231.1800,228.1600,228.9300,32285249
2025-02-11,AMZN,231.9200,233.4400,230.1300,232.7600,23713726
2025-02-10,AMZN,230.5450,233.9200,229.2000,233.1400,35419926
2025-02-07,AMZN,232.5000,234.8100,228.0600,229.1500,77539276
2025-02-06,AMZN,238.0100,239.6599,236.0100,238.8300,60897095
2025-02-05,AMZN,237.0200,238.3200,235.2000,236.1700,38832042
2025-02-04,AMZN,239.0100,242.5200,238.0300,242.0600,29713812
2025-02-03,AMZN,234.0600,239.2500,232.9000,237.4200,37285868
2025-01-31,AMZN,236.5000,240.2900,236.4100,237.6800,36162377
2025-01-30,AMZN,237.1400,237.9500,232.2200,234.6400,32020728
2025-01-29,AMZN,239.0150,240.3900,236.1500,237.0700,26091716
2025-01-28,AMZN,234.2900,241.7700,233.9800,238.1500,41587188
2025-01-27,AMZN,226.2100,235.6100,225.8600,235.4200,49428332
2025-01-24,AMZN,234.5000,236.4000,232.9300,234.8500,25890738
2025-01-23,AMZN,234.1000,235.5200,231.5100,235.4200,26404364
2025-01-22,AMZN,232.0200,235.4400,231.1900,235.0100,41448217
2025-01-21,AMZN,228.9000,231.7800,226.9400,230.7100,39951456
2025-01-17,AMZN,225.8400,226.5100,223.0800,225.9400,42370123
2025-01-16,AMZN,224.4200,224.6500,220.3100,220.6600,24757276
2025-01-15,AMZN,222.8300,223.5700,220.7500,223.3500,31291257
2025-01-14,AMZN,220.4400,221.8200,216.2000,217.7600,24711650
2025-01-13,AMZN,218.0600,219.4000,216.4700,218.4600,27262655
2025-01-10,AMZN,221.4600,221.7100,216.5000,218.9400,36811525
2025-01-08,AMZN,223.1850,223.5200,220.2000,222.1300,25033292
2025-01-07,AMZN,227.9000,228.3810,221.4600,222.1100,28084164
2025-01-06,AMZN,226.7800,228.8350,224.8400,227.6100,31849831
2025-01-03,AMZN,222.5050,225.3600,221.6200,224.1900,27515606
2025-01-02,AMZN,222.0300,225.1500,218.1900,220.2200,33956579
2024-12-31,AMZN,222.9650,223.2299,218.9400,219.3900,24819655
2024-12-30,AMZN,220.0600,222.9972,218.4300,221.3000,28321240
2024-12-27,AMZN,225.6000,226.0300,220.9000,223.7500,27367147
2024-12-26,AMZN,228.5000,228.5000,226.6706,227.0500,16174500
2024-12-24,AMZN,226.9400,229.1400,226.1300,229.0500,15007497
2024-12-23,AMZN,225.0100,226.8800,223.9000,225.0600,28070007
2024-12-20,AMZN,219.8400,226.2100,218.7300,224.9200,88279184
2024-12-19,AMZN,224.9100,226.0900,222.9200,223.2900,39918739
2024-12-18,AMZN,230.7700,231.3999,220.1100,220.5200,43281443
2024-12-17,AMZN,232.3900,232.7300,227.8500,231.1500,35948131
2024-12-16,AMZN,230.2300,233.0000,228.0100,232.9300,37552096
2024-12-13,AMZN,228.4000,230.2000,225.8608,227.4600,28768080
2024-12-12,AMZN,229.8300,231.0900,227.6300,228.9700,28204084
2024-12-11,AMZN,226.4100,231.2000,226.2600,230.2600,35385785
2024-12-10,AMZN,226.0900,229.0600,224.2002,225.0400,31199864
2024-12-09,AMZN,227.2100,230.0800,225.6700,226.0900,46819363
2024-12-06,AMZN,220.7500,227.1500,220.6000,227.0300,44178069
2024-12-05,AMZN,218.0300,222.1500,217.3000,220.5500,41140220
2024-12-04,AMZN,215.9600,220.0000,215.7500,218.1600,48745716
2024-12-03,AMZN,210.3100,214.0200,209.6500,213.4400,32214828
2024-12-02,AMZN,209.9600,212.9900,209.5101,210.7100,39523185
2024-11-29,AMZN,205.8300,208.2000,204.5900,207.8900,24892447
2024-11-27,AMZN,206.9800,207.6400,205.0500,205.7400,28061638
2024-11-26,AMZN,201.9000,208.0000,201.7900,207.8600,41673737
2024-11-25,AMZN,199.2800,201.9499,199.0000,201.4500,40685672
2024-11-22,AMZN,198.2500,199.2599,196.7500,197.1200,31530844
2024-11-21,AMZN,203.4900,203.4900,195.7500,198.3800,58800042
2024-11-20,AMZN,202.9800,203.1300,199.4500,202.8800,32768989
2025-04-16,GOOGL,153.1000,155.8900,151.5100,153.3300,28187421
2025-04-15,GOOGL,159.1250,159.6500,155.2100,156.3100,27551534
2025-04-14,GOOGL,159.9950,161.7200,157.5600,159.0700,30332957
2025-04-11,GOOGL,152.9000,157.6700,152.8200,157.1400,33636239
2025-04-10,GOOGL,156.5400,157.7200,149.9300,152.8200,48021972
2025-04-09,GOOGL,144.4150,159.5500,143.9050,158.7100,70406232
2025-04-08,GOOGL,151.2200,152.2400,143.0300,144.7000,52200208
2025-04-07,GOOGL,141.5500,152.8500,140.5300,146.7500,76794136
2025-04-04,GOOGL,148.0100,151.0700,145.3800,145.6000,62259539
2025-04-03,GOOGL,151.1100,152.7799,150.3900,150.7200,46883371
2025-04-02,GOOGL,155.1500,158.4052,154.7000,157.0400,25041730
2025-04-01,GOOGL,153.6200,158.1000,153.6200,157.0700,30672899
2025-03-31,GOOGL,153.1100,155.5400,150.6620,154.6400,54603464
2025-03-28,GOOGL,160.4900,161.8200,153.6300,154.3300,48669335
2025-03-27,GOOGL,164.6300,165.4200,162.0000,162.2400,24508273
2025-03-26,GOOGL,169.0000,169.6100,164.8400,165.0600,28939326
2025-03-25,GOOGL,168.9800,170.6300,168.3150,170.5600,24174373
2025-03-24,GOOGL,167.0650,168.3200,165.1400,167.6800,30879129
2025-03-21,GOOGL,161.2050,164.2400,160.8901,163.9900,36625764
2025-03-20,GOOGL,161.5700,164.8900,160.9600,162.8000,28138464
2025-03-19,GOOGL,161.7600,165.8700,161.0000,163.8900,34275582
2025-03-18,GOOGL,163.6750,164.2500,156.7200,160.6700,42074751
2025-03-17,GOOGL,165.0300,166.3000,163.6700,164.2900,31184335
2025-03-14,GOOGL,163.2700,166.4900,162.4500,165.4900,31995894
2025-03-13,GOOGL,166.0350,166.1300,162.1100,162.7600,31756214
2025-03-12,GOOGL,166.5800,167.6399,163.5300,167.1100,28372396
2025-03-11,GOOGL,164.9100,166.7500,161.3700,164.0400,39587414
2025-03-10,GOOGL,168.2600,168.4600,163.6900,165.8700,43377356
2025-03-07,GOOGL,171.2600,174.9700,170.2700,173.8600,27385813
2025-03-06,GOOGL,170.5300,174.8100,170.5000,172.3500,28301953
2025-03-05,GOOGL,170.5200,173.7800,169.0600,173.0200,30954922
2025-03-04,GOOGL,166.2400,173.2946,165.8000,170.9200,45387996
2025-03-03,GOOGL,171.9250,173.3700,165.9300,167.0100,40770451
2025-02-28,GOOGL,168.6800,170.6100,166.7700,170.2800,48130565
2025-02-27,GOOGL,173.9900,174.5600,167.9400,168.5000,39991015
2025-02-26,GOOGL,175.0700,176.0800,171.5807,172.7300,35431268
2025-02-25,GOOGL,178.0400,178.7400,174.6939,175.4200,41913411
2025-02-24,GOOGL,181.9900,183.1200,178.8850,179.2500,29854206
2025-02-21,GOOGL,185.1500,185.3400,179.0800,179.6600,35199239
2025-02-20,GOOGL,184.8000,185.3100,182.7200,184.5600,20441462
2025-02-19,GOOGL,184.0700,185.4600,183.5900,185.2700,19549396
2025-02-18,GOOGL,185.6000,185.9600,181.7401,183.7700,29916675
2025-02-14,GOOGL,185.0550,186.4000,184.3200,185.2300,20448437
2025-02-13,GOOGL,184.3200,186.2800,183.1400,186.1400,21402523
2025-02-12,GOOGL,183.2200,185.1100,181.8300,183.6100,22072559
2025-02-11,GOOGL,185.0300,186.9400,184.2800,185.3200,21239519
2025-02-10,GOOGL,187.3500,188.2000,185.8600,186.4700,23105649
2025-02-07,GOOGL,191.0500,191.1800,183.2400,185.3400,49314961
2025-02-06,GOOGL,189.5000,192.1000,188.7200,191.6000,29297442
2025-02-05,GOOGL,191.0700,192.7500,188.0300,191.3300,70461770
2025-02-04,GOOGL,203.3900,207.0500,202.8100,206.3800,43856425
2025-02-03,GOOGL,200.6900,203.7500,200.1000,201.2300,27838348
2025-01-31,GOOGL,202.0000,205.4800,201.8000,204.0200,32041952
2025-01-30,GOOGL,198.0000,201.4000,197.6700,200.8700,24354684
2025-01-29,GOOGL,195.5550,196.7850,193.4300,195.4100,18218256
2025-01-28,GOOGL,192.7450,195.4800,190.6800,195.3000,24157929
2025-01-27,GOOGL,192.4100,196.8800,190.7300,191.8100,41728893
2025-01-24,GOOGL,198.1000,200.9000,198.0000,200.2100,23877521
2025-01-23,GOOGL,198.1400,200.3000,195.2000,197.9800,26951357
2025-01-22,GOOGL,199.0600,200.4800,197.5300,198.3700,26200617
2025-01-21,GOOGL,199.0700,202.2900,197.8700,198.0500,29971292
2025-01-17,GOOGL,196.5300,197.2300,193.7500,196.0000,27735089
2025-01-16,GOOGL,194.1400,195.4800,192.8100,192.9100,17815432
2025-01-15,GOOGL,193.0900,196.3600,191.8600,195.5500,21775969
2025-01-14,GOOGL,191.2400,191.9800,188.3082,189.6600,17174854
2025-01-13,GOOGL,190.0700,191.1800,187.3600,191.0100,21823699
2025-01-10,GOOGL,194.2950,196.5200,190.3100,192.0400,26665206
2025-01-08,GOOGL,192.5700,196.2900,192.3800,193.9500,24864766
2025-01-07,GOOGL,197.1100,201.0000,194.6000,195.4900,26487244
2025-01-06,GOOGL,193.9800,198.2222,193.8500,196.8700,29563638
2025-01-03,GOOGL,191.3700,193.2100,189.9750,191.7900,18596159
2025-01-02,GOOGL,190.6500,192.0000,187.5000,189.4300,20370828
2024-12-31,GOOGL,191.0750,191.9600,188.5100,189.3000,17466919
2024-12-30,GOOGL,189.8000,192.5500,189.1200,191.2400,14264659
2024-12-27,GOOGL,194.9500,195.3200,190.6500,192.7600,18891362
2024-12-26,GOOGL,195.1500,196.7480,194.3750,195.6000,12057210
2024-12-24,GOOGL,194.8400,196.1100,193.7800,196.1100,10403259
2024-12-23,GOOGL,192.6200,195.1000,190.1500,194.6300,25675014
2024-12-20,GOOGL,185.7800,192.8900,185.2200,191.4100,63462934
2024-12-19,GOOGL,191.6250,193.0300,188.3800,188.5100,32265241
2024-12-18,GOOGL,195.2200,197.0000,187.7400,188.4000,34166074
2024-12-17,GOOGL,197.2500,201.4200,194.9800,195.4200,43504025
2024-12-16,GOOGL,192.8700,199.0000,192.6200,196.6600,44934901
2024-12-13,GOOGL,191.0100,192.7300,189.6400,189.8200,25143495
2024-12-12,GOOGL,195.0000,195.1800,191.7100,191.9600,34817486
2024-12-11,GOOGL,185.3100,195.6100,184.8500,195.4000,67894071
2024-12-10,GOOGL,182.8450,186.3600,181.0500,185.1700,54813022
2024-12-09,GOOGL,173.9600,176.2600,173.6500,175.3700,25389631
2024-12-06,GOOGL,172.0300,175.0800,171.8600,174.7100,21462393
2024-12-05,GOOGL,175.3600,176.0600,172.3300,172.6400,21356243
2024-12-04,GOOGL,171.1450,174.9100,171.0600,174.3700,31615137
2024-12-03,GOOGL,171.4900,172.6800,170.8500,171.3400,22248705
2024-12-02,GOOGL,168.7650,172.0750,168.5700,171.4900,23789084
2024-11-29,GOOGL,168.5000,169.4300,167.1600,168.9500,14257244
2024-11-27,GOOGL,169.0000,169.4832,168.0200,169.2300,19266511
2024-11-26,GOOGL,167.6300,169.8200,167.5800,169.1200,20486720
2024-11-25,GOOGL,166.0900,168.6300,165.6072,167.6500,33135263
2024-11-22,GOOGL,165.8500,166.4600,163.9000,164.7600,38604587
2024-11-21,GOOGL,173.9000,174.1300,163.7000,167.6300,59734379
2024-11-20,GOOGL,177.3400,177.6750,173.7800,175.9800,18997111
2025-04-16,META,508.5100,513.3700,495.6300,502.3100,18735075
2025-04-15,META,532.1050,537.9400,517.5000,521.5200,15558659
2025-04-14,META,556.1750,557.7700,528.2800,531.4800,14130928
2025-04-11,META,535.5050,547.4000,528.5901,543.5700,17642327
2025-04-10,META,575.4900,581.3000,535.3000,546.2900,28173491
2025-04-09,META,509.2650,587.8900,502.1100,585.7700,39216578
2025-04-08,META,543.2500,547.4300,502.8600,510.4500,28034211
2025-04-07,META,485.1000,539.3700,481.9000,516.2500,36606136
2025-04-04,META,506.6200,518.0000,494.2000,504.7300,38589814
2025-04-03,META,546.2200,552.5596,530.3000,531.6200,34777460
2025-04-02,META,574.9100,592.6600,573.3600,583.9300,13470778
2025-04-01,META,570.8400,589.9100,570.0000,586.0000,12836574
2025-03-31,META,563.5000,578.7000,553.3000,576.3600,21124677
2025-03-28,META,600.3100,601.7500,573.9200,576.7400,17602823
2025-03-27,META,602.0000,614.2500,600.1000,602.5800,10436524
2025-03-26,META,624.8900,626.7499,606.6100,610.9800,12661891
2025-03-25,META,626.7600,633.8800,621.1800,626.3100,15312540
2025-03-24,META,614.9700,622.5400,612.2001,618.8500,15741274
2025-03-21,META,583.4250,597.5450,580.9500,596.2500,25015864
2025-03-20,META,582.7550,610.2000,579.5100,586.0000,24336505
2025-03-19,META,584.2800,592.3223,574.7700,584.0600,20537498
2025-03-18,META,600.0500,600.2500,574.6600,582.3600,20297708
2025-03-17,META,607.4600,613.1000,598.0000,604.9000,15473909
2025-03-14,META,602.8050,608.8600,594.7800,607.6000,12364505
2025-03-13,META,620.2450,620.5000,586.5100,590.6400,16480324
2025-03-12,META,629.9000,633.3300,609.3500,619.5600,15746966
2025-03-11,META,595.0550,614.9340,593.3300,605.7100,17401469
2025-03-10,META,608.0700,610.1100,586.8700,597.9900,21395988
2025-03-07,META,625.3700,634.7900,600.6100,625.6600,21375671
2025-03-06,META,648.0000,650.5625,624.1100,627.9300,13446454
2025-03-05,META,641.0000,659.5000,637.6600,656.4700,13770026
2025-03-04,META,645.5100,649.7500,623.6500,640.0000,21495208
2025-03-03,META,673.6750,681.2500,650.8439,655.0500,10843763
2025-02-28,META,658.0400,669.6300,642.6017,668.2000,17534168
2025-02-27,META,682.4500,688.6469,657.5700,658.2400,12500013
2025-02-26,META,659.6500,683.0078,658.0000,673.7000,14488705
2025-02-25,META,665.9720,668.0000,641.8600,657.5000,20579662
2025-02-24,META,686.2800,687.2700,662.4500,668.1300,15676994
2025-02-21,META,696.5800,703.8700,682.3600,683.5500,15660355
2025-02-20,META,697.2750,705.6300,693.6400,694.8400,12587408
2025-02-19,META,704.0950,707.0000,695.3900,703.7700,17535480
2025-02-18,META,736.0000,737.0000,706.4400,716.3700,21938703
2025-02-14,META,726.1400,740.9100,725.6200,736.6700,16901249
2025-02-13,META,721.5197,729.0000,718.0400,728.5600,12569064
2025-02-12,META,715.3000,727.1000,712.6000,725.3800,12016517
2025-02-11,META,713.3200,723.6600,710.0400,719.8000,12997959
2025-02-10,META,718.5600,721.2000,711.3300,717.4000,12904317
2025-02-07,META,716.7950,725.0100,711.7500,714.5200,16427067
2025-02-06,META,705.8800,718.9000,703.5000,711.9900,13080690
2025-02-05,META,703.5500,718.1400,699.0100,704.8700,17793766
2025-02-04,META,702.5000,707.7100,691.6100,704.1900,13826270
2025-02-03,META,675.9100,704.0000,675.2500,697.4600,21415739
2025-01-31,META,691.0000,705.2999,685.5800,689.1800,19331660
2025-01-30,META,696.8200,710.7900,676.1000,687.0000,29322898
2025-01-29,META,675.0000,681.0459,665.6700,676.4900,21377820
2025-01-28,META,666.0000,682.5800,659.4650,674.3300,20950107
2025-01-27,META,626.6100,663.8700,625.1000,659.8800,28399190
2025-01-24,META,636.4000,652.0000,634.2000,647.4900,19065329
2025-01-23,META,627.3600,636.6000,621.1500,636.4500,9910163
2025-01-22,META,623.3000,633.7000,619.4350,623.5000,12274011
2025-01-21,META,617.8250,621.5000,609.0082,616.4600,11674016
2025-01-17,META,624.0500,624.9700,603.6700,612.7700,17280600
2025-01-16,META,611.5000,616.2500,609.7100,611.3000,8355349
2025-01-15,META,610.2100,622.4600,606.5000,617.1200,15524302
2025-01-14,META,605.0650,605.4900,588.5500,594.2500,13597992
2025-01-13,META,607.1000,608.9700,598.4450,608.3300,10785031
2025-01-10,META,610.0300,629.9100,597.3400,615.8600,19256564
2025-01-08,META,613.3950,616.4397,602.7900,610.7200,10085846
2025-01-07,META,631.7000,632.1011,608.2300,617.8900,12071479
2025-01-06,META,611.8250,630.9900,605.6200,630.2000,14560754
2025-01-03,META,604.7600,609.5000,596.4136,604.6300,11436784
2025-01-02,META,589.7200,604.9100,587.8200,599.2400,12682269
2024-12-31,META,592.2650,593.9700,583.8500,585.5100,6019520
2024-12-30,META,588.7500,596.9399,585.5800,591.2400,7025864
2024-12-27,META,599.4100,601.8500,589.8000,599.8100,8084229
2024-12-26,META,605.4800,606.3000,598.9400,603.3500,6091239
2024-12-24,META,602.7150,607.9900,599.2849,607.7500,4726056
2024-12-23,META,589.6000,601.0900,586.2500,599.8500,10205750
2024-12-20,META,590.5800,603.1100,580.0000,585.2500,48989390
2024-12-19,META,610.3900,611.5200,595.0000,595.5700,14958082
2024-12-18,META,621.0000,627.3600,596.3200,597.1900,17075480
2024-12-17,META,626.1700,632.3700,616.5400,619.4400,12897842
2024-12-16,META,629.9750,631.1500,618.5800,624.2400,10885625
2024-12-13,META,627.2200,631.0800,616.8860,620.3500,8453349
2024-12-12,META,631.5000,636.6599,627.2094,630.7900,7474717
2024-12-11,META,623.3700,638.4000,621.5349,632.6800,10837228
2024-12-10,META,617.5600,625.5900,612.7400,619.3200,10938854
2024-12-09,META,623.9250,626.4000,606.1701,613.5700,11426015
2024-12-06,META,610.1000,629.7899,608.5300,623.7700,16935503
2024-12-05,META,617.0750,619.9000,607.0500,608.9300,8081212
2024-12-04,META,612.9600,617.7800,605.1000,613.7800,14697006
2024-12-03,META,595.0000,614.2000,591.2501,613.6500,14907164
2024-12-02,META,577.5000,594.5000,575.5700,592.8300,12522371
2024-11-29,META,569.0000,578.4600,566.9000,574.3200,7130519
2024-11-27,META,574.8900,574.9800,564.1001,569.2000,7200228
2024-11-26,META,566.0000,577.5000,565.2000,573.5400,10356550
2024-11-25,META,562.1000,572.5915,556.3900,565.1100,13599830
2024-11-22,META,563.5500,563.8273,554.5900,559.1400,9164004
2024-11-21,META,569.5200,570.0000,549.0500,563.0900,11154749
2024-11-20,META,562.9300,566.3499,554.2001,565.5200,9797339
2025-04-16,TSLA,247.6100,251.9700,233.8900,241.5500,112378737
2025-04-15,TSLA,249.9100,258.7500,247.5400,254.1100,79594318
2025-04-14,TSLA,258.3600,261.8000,245.9300,252.3500,100135241
2025-04-11,TSLA,251.8400,257.7400,241.3629,252.3100,128948085
2025-04-10,TSLA,260.0000,262.4900,239.3300,252.4000,181722604
2025-04-09,TSLA,224.6900,274.6900,223.8800,272.2000,219433373
2025-04-08,TSLA,245.0000,250.4400,217.8000,221.8600,171603472
2025-04-07,TSLA,223.7800,252.0000,214.2500,233.2900,183453776
2025-04-04,TSLA,255.3800,261.0000,236.0000,239.4300,181229353
2025-04-03,TSLA,265.2900,276.3000,261.5100,267.2800,136174291
2025-04-02,TSLA,254.6000,284.9900,251.2700,282.7600,212787817
2025-04-01,TSLA,263.8000,277.4500,259.2500,268.4600,146486911
2025-03-31,TSLA,249.3100,260.5600,243.3601,259.1600,134008936
2025-03-28,TSLA,275.5750,276.1000,260.5700,263.5500,123809389
2025-03-27,TSLA,272.4800,291.8500,271.8216,273.1300,162572146
2025-03-26,TSLA,282.6600,284.9000,266.5100,272.0600,156254441
2025-03-25,TSLA,283.6000,288.2000,271.2800,288.1400,150361538
2025-03-24,TSLA,258.0750,278.6400,256.3300,278.3900,169079865
2025-03-21,TSLA,234.9850,249.5200,234.5500,248.7100,132728684
2025-03-20,TSLA,233.3450,238.0000,230.0501,236.2600,99028270
2025-03-19,TSLA,231.6100,241.4100,229.2010,235.8600,111993753
2025-03-18,TSLA,228.1550,230.1000,222.2800,225.3100,111477636
2025-03-17,TSLA,245.0550,245.4000,232.8000,238.0100,111900565
2025-03-14,TSLA,247.3100,251.5800,240.7300,249.9800,100242264
2025-03-13,TSLA,248.1250,248.2900,232.6000,240.6800,114813525
2025-03-12,TSLA,247.2200,251.8400,241.1000,248.0900,142215681
2025-03-11,TSLA,225.3050,237.0649,217.0200,230.5800,174896415
2025-03-10,TSLA,252.5400,253.3700,220.0000,222.1500,185037825
2025-03-07,TSLA,259.3200,266.2499,250.7300,262.6700,102369640
2025-03-06,TSLA,272.0600,272.6500,260.0200,263.4500,98451566
2025-03-05,TSLA,272.9200,279.5500,267.7100,279.1000,94042913
2025-03-04,TSLA,270.9300,284.3500,261.8401,272.0400,126706623
2025-03-03,TSLA,300.3400,303.9400,277.3000,284.6500,115551414
2025-02-28,TSLA,279.5000,293.8800,273.6000,292.9800,115696968
2025-02-27,TSLA,291.1600,297.2300,280.8800,281.9500,101748197
2025-02-26,TSLA,303.7150,309.0000,288.0400,290.8000,100118276
2025-02-25,TSLA,327.0250,328.8900,297.2512,302.8000,134228777
2025-02-24,TSLA,338.1400,342.3973,324.7000,330.5300,76052321
2025-02-21,TSLA,353.4400,354.9800,334.4200,337.8000,74058648
2025-02-20,TSLA,361.5100,362.3000,348.0000,354.4000,45965354
2025-02-19,TSLA,354.0000,367.3400,353.6700,360.5600,67094374
2025-02-18,TSLA,355.0100,359.1000,350.0200,354.1100,51631702
2025-02-14,TSLA,360.6200,362.0000,347.5000,355.8400,68277279
2025-02-13,TSLA,345.0000,358.6900,342.8500,355.9400,89441519
2025-02-12,TSLA,329.9400,346.4000,329.1200,336.5100,105382729
2025-02-11,TSLA,345.8000,349.3700,325.1000,328.5000,118543400
2025-02-10,TSLA,356.2100,362.7000,350.5100,350.7300,77514903
2025-02-07,TSLA,370.1900,380.5459,360.3400,361.6200,70298258
2025-02-06,TSLA,373.0300,375.4000,363.1800,374.3200,77918230
2025-02-05,TSLA,387.5100,388.3900,375.5300,378.1700,57614721
2025-02-04,TSLA,382.6300,394.0000,381.4000,392.2100,57072235
2025-02-03,TSLA,386.6800,389.1700,374.3600,383.6800,93732122
2025-01-31,TSLA,401.5300,419.9900,401.3400,404.6000,83568219
2025-01-30,TSLA,410.7800,412.5000,384.4100,400.2800,98092879
2025-01-29,TSLA,395.2100,398.5899,384.4800,389.1000,68033648
2025-01-28,TSLA,396.9100,400.5900,386.5000,398.0900,48910676
2025-01-27,TSLA,394.8000,406.6900,389.0000,397.1500,58125510
2025-01-24,TSLA,414.4500,418.8800,405.7800,406.5800,56427149
2025-01-23,TSLA,416.0600,420.7300,408.9500,412.3800,50690592
2025-01-22,TSLA,416.8100,428.0000,414.5900,415.1100,60963342
2025-01-21,TSLA,432.6400,433.2000,406.3100,424.0700,87320894
2025-01-17,TSLA,421.5000,439.7400,419.7500,426.5000,94991429
2025-01-16,TSLA,423.4900,424.0000,409.1300,413.8200,68335151
2025-01-15,TSLA,409.9000,429.8000,405.6610,428.2200,81375460
2025-01-14,TSLA,414.3400,422.6400,394.5400,396.3600,84565022
2025-01-13,TSLA,383.2100,403.7900,380.0700,403.3100,67580494
2025-01-10,TSLA,391.4000,399.2800,377.2900,394.7400,62287333
2025-01-08,TSLA,392.9500,402.4999,387.4000,394.9400,73038805
2025-01-07,TSLA,405.8300,414.3300,390.0000,394.3600,75699525
2025-01-06,TSLA,423.2000,426.4300,401.7000,411.0500,85516534
2025-01-03,TSLA,381.4800,411.8799,379.4500,410.4400,95423329
2025-01-02,TSLA,390.1000,392.7299,373.0400,379.2800,109710749
2024-12-31,TSLA,423.7900,427.9300,402.5400,403.8400,76825121
2024-12-30,TSLA,419.4000,427.0000,415.7500,417.4100,64941012
2024-12-27,TSLA,449.5200,450.0000,426.5000,431.6600,82666821
2024-12-26,TSLA,465.1600,465.3299,451.0200,454.1300,76651210
2024-12-24,TSLA,435.9000,462.7800,435.1400,462.2800,59551750
2024-12-23,TSLA,431.0000,434.5100,415.4112,430.6000,72698055
2024-12-20,TSLA,425.5050,447.0800,417.6400,421.0600,132216176
2024-12-19,TSLA,451.8800,456.3600,420.0200,436.1700,118566146
2024-12-18,TSLA,466.4950,488.5399,427.0100,440.1300,149340788
2024-12-17,TSLA,475.9000,483.9900,457.5101,479.8600,131222978
2024-12-16,TSLA,441.0900,463.1900,436.1500,463.0200,114083811
2024-12-13,TSLA,420.0000,436.3000,415.7100,436.2300,89000158
2024-12-12,TSLA,424.8400,429.3000,415.0000,418.1000,87752225
2024-12-11,TSLA,409.7000,424.8800,402.3800,424.7700,104287559
2024-12-10,TSLA,392.6800,409.7300,390.8500,400.9900,97563578
2024-12-09,TSLA,397.6100,404.8000,378.0100,389.7900,96359173
2024-12-06,TSLA,377.4200,389.4900,370.8000,389.2200,81455834
2024-12-05,TSLA,359.8700,375.4300,359.5000,369.4900,81403569
2024-12-04,TSLA,353.0000,358.1000,348.6000,357.9300,50810874
2024-12-03,TSLA,351.8000,355.6900,348.2000,351.4200,58267196
2024-12-02,TSLA,352.3800,360.0000,351.1501,357.0900,77986478
2024-11-29,TSLA,336.0800,345.4500,334.6500,345.1600,37167621
2024-11-27,TSLA,341.8000,342.5500,326.5900,332.8900,57896439
2024-11-26,TSLA,341.0000,346.9600,335.6600,338.2300,62295857
2024-11-25,TSLA,360.1400,361.9300,338.2000,338.5900,95890899
2024-11-22,TSLA,341.0850,361.5300,337.7000,352.5600,89140722
2024-11-21,TSLA,343.8100,347.9899,335.2800,339.6400,58011719
2024-11-20,TSLA,345.0000,346.5999,334.3000,342.0300,66340650
2025-04-16,NVDA,104.5500,106.7900,100.4500,104.4900,397016870
2025-04-15,NVDA,110.9700,113.6150,110.5000,112.2000,228966900
2025-04-14,NVDA,114.1100,114.2900,109.0700,110.7100,264705049
2025-04-11,NVDA,108.5000,111.5499,107.4800,110.9300,313417265
2025-04-10,NVDA,109.3700,110.8600,99.1500,107.5700,437812353
2025-04-09,NVDA,98.8900,115.1000,97.5301,114.3300,612918336
2025-04-08,NVDA,103.8050,105.8500,94.4600,96.3000,476243392
2025-04-07,NVDA,87.4600,101.7500,86.6200,97.6400,611041347
2025-04-04,NVDA,98.9100,100.1300,92.1100,94.3100,532273810
2025-04-03,NVDA,103.5100,105.6300,101.6000,101.8000,338769412
2025-04-02,NVDA,107.2900,111.9800,106.7900,110.4200,220601243
2025-04-01,NVDA,108.5150,110.2000,106.4700,110.1500,222614034
2025-03-31,NVDA,105.1300,110.9550,103.6500,108.3800,299212653
2025-03-28,NVDA,111.4850,112.8700,109.0701,109.6700,229872549
2025-03-27,NVDA,111.3500,114.4500,110.6600,111.4300,236902055
2025-03-26,NVDA,118.7300,118.8400,112.7100,113.7600,296431667
2025-03-25,NVDA,120.5450,121.2900,118.9200,120.6900,167447198
2025-03-24,NVDA,119.8800,122.2200,119.3400,121.4100,228452534
2025-03-21,NVDA,116.9400,117.9900,115.4200,117.7000,266498528
2025-03-20,NVDA,116.5500,120.2000,116.4700,118.5300,248829749
2025-03-19,NVDA,117.2700,120.4450,115.6800,117.5200,273426225
2025-03-18,NVDA,118.0000,119.0200,114.5400,115.4300,299686944
2025-03-17,NVDA,122.7400,122.8900,118.0300,119.5300,255501481
2025-03-14,NVDA,118.6100,121.8800,118.1500,121.6700,277593455
2025-03-13,NVDA,117.0300,117.7600,113.7900,115.5800,299033131
2025-03-12,NVDA,114.1200,116.7600,112.8800,115.7400,323857454
2025-03-11,NVDA,106.9900,112.2360,104.7700,108.7600,354865692
2025-03-10,NVDA,109.9000,111.8500,105.4600,106.9800,361107562
2025-03-07,NVDA,111.2500,113.4800,107.5600,112.6900,341755468
2025-03-06,NVDA,113.5300,115.3500,110.2200,110.5700,321181861
2025-03-05,NVDA,117.5800,118.2781,114.5100,117.3000,284337886
2025-03-04,NVDA,110.6450,119.3100,110.1100,115.9900,398163305
2025-03-03,NVDA,123.5100,123.7000,112.2800,114.0600,411381373
2025-02-28,NVDA,118.0200,125.0900,116.4000,124.9200,389091145
2025-02-27,NVDA,135.0000,135.0100,120.0100,120.1500,443175846
2025-02-26,NVDA,129.9850,133.7300,128.4900,131.2800,322553814
2025-02-25,NVDA,129.9800,130.2000,124.4400,126.6300,271428711
2025-02-24,NVDA,136.5600,138.5900,130.0800,130.2800,251381137
2025-02-21,NVDA,140.0400,141.4600,134.0300,134.4300,228217585
2025-02-20,NVDA,140.0300,140.6600,136.7901,140.1100,143903583
2025-02-19,NVDA,139.5100,141.3600,137.2200,139.2300,167536006
2025-02-18,NVDA,141.2700,143.4400,137.9250,139.4000,219176627
2025-02-14,NVDA,136.4800,139.2500,135.5000,138.8500,195479557
2025-02-13,NVDA,131.5550,136.5000,131.1700,135.2900,197429975
2025-02-12,NVDA,130.0200,132.2400,129.0800,131.1400,160278552
2025-02-11,NVDA,132.5800,134.4800,131.0200,132.8000,178902379
2025-02-10,NVDA,130.0900,135.0000,129.9600,133.5700,216989086
2025-02-07,NVDA,129.2200,130.3700,125.0000,129.8400,228186298
2025-02-06,NVDA,127.4200,128.7700,125.2100,128.6800,251483574
2025-02-05,NVDA,121.7600,125.0000,120.7600,124.8300,263110629
2025-02-04,NVDA,116.9600,121.2000,116.7000,118.6500,256550040
2025-02-03,NVDA,114.7500,118.5700,113.0100,116.6600,371235677
2025-01-31,NVDA,123.7800,127.8500,119.1900,120.0700,390372899
2025-01-30,NVDA,123.1000,125.0000,118.1000,124.6500,392925469
2025-01-29,NVDA,126.5000,126.8900,120.0500,123.7000,467120640
2025-01-28,NVDA,121.8100,129.0000,116.2500,128.9900,579666350
2025-01-27,NVDA,124.8000,128.4000,116.7000,118.4200,818830895
2025-01-24,NVDA,148.3700,148.9700,141.8800,142.6200,234657635
2025-01-23,NVDA,145.0500,147.2300,143.7200,147.2200,155915549
2025-01-22,NVDA,144.6600,147.7900,143.6700,147.0700,237651395
2025-01-21,NVDA,139.1600,141.8300,137.0900,140.8300,197748985
2025-01-17,NVDA,136.6900,138.5000,135.4649,137.7100,201188760
2025-01-16,NVDA,138.6400,138.7500,133.4900,133.5700,209235583
2025-01-15,NVDA,133.6500,136.4500,131.2900,136.2400,185217338
2025-01-14,NVDA,136.0500,136.3800,130.0500,131.7600,195590485
2025-01-13,NVDA,129.9900,133.4900,129.5100,133.2300,204808914
2025-01-10,NVDA,137.4500,139.9200,134.2200,135.9100,207602514
2025-01-08,NVDA,142.5800,143.9500,137.5600,140.1100,227349948
2025-01-07,NVDA,153.0300,153.1300,140.0100,140.1400,351782174
2025-01-06,NVDA,148.5900,152.1560,147.8201,149.4300,265377359
2025-01-03,NVDA,140.0100,144.9000,139.7300,144.4700,229322478
2025-01-02,NVDA,136.0000,138.8800,134.6300,138.3100,198247166
2024-12-31,NVDA,138.0300,138.0700,133.8300,134.2900,155659211
2024-12-30,NVDA,134.8300,140.2700,134.0200,137.4900,167734700
2024-12-27,NVDA,138.5500,139.0200,134.7100,137.0100,170582603
2024-12-26,NVDA,139.7000,140.8500,137.7300,139.9300,116519090
2024-12-24,NVDA,140.0000,141.9000,138.6500,140.2200,105156989
2024-12-23,NVDA,136.2800,139.7900,135.1201,139.6700,176053506
2024-12-20,NVDA,129.8100,135.2800,128.2200,134.7000,306528553
2024-12-19,NVDA,131.7600,134.0300,129.5500,130.6800,209719210
2024-12-18,NVDA,133.8600,136.7000,128.2800,128.9100,277444533
2024-12-17,NVDA,129.0900,131.5900,126.8600,130.3900,259410263
2024-12-16,NVDA,134.1800,134.4000,130.4200,132.0000,237951130
2024-12-13,NVDA,138.9400,139.6000,132.5400,134.2500,231514881
2024-12-12,NVDA,137.0800,138.4400,135.8000,137.3400,159211393
2024-12-11,NVDA,137.3600,140.1700,135.2100,139.3100,184905192
2024-12-10,NVDA,139.0100,141.8200,133.7900,135.0700,210020888
2024-12-09,NVDA,138.9700,139.9500,137.1300,138.8100,189308625
2024-12-06,NVDA,144.6000,145.7000,141.3100,142.4400,188505573
2024-12-05,NVDA,145.1100,146.5400,143.9500,145.0600,172621180
2024-12-04,NVDA,141.9950,145.7900,140.2900,145.1400,231224295
2024-12-03,NVDA,138.2600,140.5400,137.9500,140.2600,164413965
2024-12-02,NVDA,138.8300,140.4500,137.8250,138.6300,171682777
2024-11-29,NVDA,136.7800,139.3500,136.0500,138.2500,141863156
2024-11-27,NVDA,135.0100,137.2200,131.8000,135.3400,226370912
2024-11-26,NVDA,137.7000,139.3000,135.6700,136.9200,190287654
2024-11-25,NVDA,141.9900,142.0500,135.8200,136.0200,344941875
2024-11-22,NVDA,145.9300,147.1600,141.1000,141.9500,236406154
2024-11-21,NVDA,149.3500,152.8900,140.7000,146.6700,400946570
2024-11-20,NVDA,147.4100,147.5600,142.7300,145.8900,309871654
